City_ID,City,Lat,Lng,Max Temp,Humidity,Cloudiness,Wind Speed,Country,Date
0,smara,26.7384,-11.6719,25.82,24,0,12.57,EH,2024-04-08
1,waitangi,-43.9535,-176.5597,12.68,83,68,0.89,NZ,2024-04-08
2,port-aux-francais,-49.35,70.2167,6.81,86,41,12.63,TF,2024-04-08
3,kaspiyskiy,45.3929,47.3707,13.1,58,0,4.54,RU,2024-04-08
4,edinburgh of the seven seas,-37.0676,-12.3116,18.51,92,100,9.07,SH,2024-04-08
5,yellowknife,62.456,-114.3525,-0.88,86,75,3.09,CA,2024-04-08
6,thompson,55.7435,-97.8558,7.09,42,20,1.03,CA,2024-04-08
7,ta`u,-14.2336,-169.5144,29.04,79,65,6.43,AS,2024-04-08
8,wailua homesteads,22.0669,-159.378,21.44,87,20,8.75,US,2024-04-08
9,bardai,11.65,7.2333,38.25,7,100,3.67,NG,2024-04-08
10,fort st. john,56.2499,-120.8529,1.94,69,75,5.14,CA,2024-04-08
11,bethel,41.3712,-73.414,16.42,38,0,1.54,US,2024-04-08
12,kolonia town,6.964,158.206,27.0,89,100,2.06,FM,2024-04-08
13,vernon,50.2581,-119.2691,7.56,67,100,1.33,CA,2024-04-08
14,san patricio,28.017,-97.5169,23.97,77,93,4.06,US,2024-04-08
15,grytviken,-54.2811,-36.5092,2.76,84,90,4.11,GS,2024-04-08
16,oppdal,62.5943,9.6912,3.91,93,49,4.35,NO,2024-04-08
17,kalmunai,7.4167,81.8167,27.59,71,100,4.34,LK,2024-04-08
18,papatowai,-46.5619,169.4708,12.33,73,81,3.22,NZ,2024-04-08
19,georgetown,5.4112,100.3354,26.96,89,20,2.06,MY,2024-04-08
20,ust-nera,64.5667,143.2,-16.81,99,93,1.33,RU,2024-04-08
21,turkmenbasy,40.0222,52.9552,20.28,43,100,7.64,TM,2024-04-08
22,adamstown,-25.066,-130.1015,23.72,87,41,4.4,PN,2024-04-08
23,blackmans bay,-43.0167,147.3167,8.18,77,20,4.64,AU,2024-04-08
24,vadso,70.0744,29.7487,-2.51,86,75,6.69,NO,2024-04-08
25,khilok,51.3674,110.4676,1.64,93,100,1.52,RU,2024-04-08
26,stanley,54.868,-1.6985,14.84,75,40,2.06,GB,2024-04-08
27,lingig,8.0389,126.4125,24.66,86,86,1.2,PH,2024-04-08
28,jamestown,42.097,-79.2353,11.42,40,100,3.6,US,2024-04-08
29,kingston,17.997,-76.7936,32.31,56,27,1.46,JM,2024-04-08
30,petropavlivka,48.4564,36.4367,22.12,34,63,1.62,UA,2024-04-08
31,ribeira grande,38.5167,-28.7,17.22,94,75,4.63,PT,2024-04-08
32,tiksi,71.6872,128.8694,-9.5,81,100,10.32,RU,2024-04-08
33,saint-philippe,-21.3585,55.7679,25.77,87,63,2.36,RE,2024-04-08
34,vilyuchinsk,52.9306,158.4028,3.47,96,87,0.09,RU,2024-04-08
35,ushuaia,-54.8,-68.3,2.79,80,75,6.69,AR,2024-04-08
36,arbroath,56.5632,-2.5874,13.39,75,86,4.6,GB,2024-04-08
37,bredasdorp,-34.5322,20.0403,17.38,93,100,8.24,ZA,2024-04-08
38,albany,42.6001,-73.9662,14.59,44,86,0.89,US,2024-04-08
39,nabire,-3.3667,135.4833,24.72,97,100,1.34,ID,2024-04-08
40,gizo,-8.103,156.8419,27.54,80,100,3.15,SB,2024-04-08
41,bilibino,68.0546,166.4372,-24.17,100,74,1.74,RU,2024-04-08
42,reggane,26.7158,0.1714,40.53,4,18,5.01,DZ,2024-04-08
43,mindelo,16.8901,-24.9804,25.75,53,40,13.89,CV,2024-04-08
44,port elizabeth,-33.918,25.5701,21.72,82,55,0.89,ZA,2024-04-08
45,bulungu,-4.55,18.6,25.79,89,63,2.46,CD,2024-04-08
46,wernigerode,51.8333,10.7833,25.67,50,80,3.25,DE,2024-04-08
47,aasiaat,68.7098,-52.8699,-6.9,89,90,2.5,GL,2024-04-08
48,nizhniy kuranakh,58.8353,125.4869,-12.28,92,27,2.12,RU,2024-04-08
49,hamilton,39.1834,-84.5333,20.92,63,0,4.63,US,2024-04-08
50,constantia,44.1833,28.65,19.38,69,0,3.05,RO,2024-04-08
51,olinda,-8.0089,-34.8553,31.85,58,40,3.6,BR,2024-04-08
52,cambridge,43.3601,-80.3127,10.29,52,100,0.89,CA,2024-04-08
53,puerto natales,-51.7236,-72.4875,4.25,70,20,4.63,CL,2024-04-08
54,sao tome,0.3365,6.7273,27.21,74,100,0.99,ST,2024-04-08
55,tolanaro,-25.0319,46.9987,21.47,86,100,3.57,MG,2024-04-08
56,happy valley-goose bay,53.3168,-60.3315,0.99,76,100,3.12,CA,2024-04-08
57,okha,53.5739,142.9478,-4.86,94,32,1.79,RU,2024-04-08
58,puerto san jose,13.9256,-90.8244,30.43,60,7,1.91,GT,2024-04-08
59,wotje,9.4543,170.2367,27.04,84,97,10.07,MH,2024-04-08
60,invercargill,-46.4,168.35,12.47,74,87,3.17,NZ,2024-04-08
61,kodiak,57.79,-152.4072,-1.27,86,40,0.0,US,2024-04-08
62,zaigrayevo,51.8336,108.2703,1.26,92,100,2.8,RU,2024-04-08
63,canacona,14.9959,74.0506,27.41,67,7,4.47,IN,2024-04-08
64,prince rupert,54.3161,-130.3201,5.05,87,100,4.63,CA,2024-04-08
65,arteche,12.2645,125.4048,25.48,90,13,1.98,PH,2024-04-08
66,ancud,-41.8697,-73.8203,11.85,68,53,2.53,CL,2024-04-08
67,mossel bay,-34.1831,22.146,16.96,92,86,2.4,ZA,2024-04-08
68,longyearbyen,78.2186,15.6401,-14.09,72,20,1.54,SJ,2024-04-08
69,port mathurin,-19.6833,63.4167,26.81,81,16,4.67,MU,2024-04-08
70,iranshahr,27.2025,60.6848,33.19,10,0,5.14,IR,2024-04-08
71,iqaluit,63.7506,-68.5145,-16.28,65,8,9.39,CA,2024-04-08
72,kismayo,-0.3582,42.5454,29.91,71,78,4.4,SO,2024-04-08
73,tvoroyri,61.5556,-6.8111,7.53,91,94,14.06,FO,2024-04-08
74,olonkinbyen,70.9221,-8.7187,-3.48,75,100,9.03,SJ,2024-04-08
75,punta arenas,-53.15,-70.9167,4.06,65,0,8.75,CL,2024-04-08
76,semnan,35.5729,53.3971,20.77,35,61,4.49,IR,2024-04-08
77,papao,-17.75,-149.55,25.82,81,100,4.54,PF,2024-04-08
78,puerto rico,-26.796,-55.024,28.45,63,88,0.75,AR,2024-04-08
79,zouerate,22.7187,-12.4521,28.31,12,0,9.31,MR,2024-04-08
80,kolwezi,-10.7148,25.4667,21.05,90,100,0.83,CD,2024-04-08
81,namdrik,5.5994,168.1028,28.01,83,99,9.77,MH,2024-04-08
82,laghouat,33.8,2.8651,32.05,7,100,8.65,DZ,2024-04-08
83,badger,64.8,-147.5333,-3.05,84,75,2.57,US,2024-04-08
84,balkanabat,39.5108,54.3671,20.84,47,100,6.65,TM,2024-04-08
85,port saint john's,-31.6229,29.5448,21.59,90,100,2.0,ZA,2024-04-08
86,acapulco de juarez,16.8634,-99.8901,25.9,78,0,2.57,MX,2024-04-08
87,saipan,15.1355,145.701,27.39,83,40,6.17,MP,2024-04-08
88,buston,40.2342,69.6948,18.1,27,100,1.0,TJ,2024-04-08
89,lebu,-37.6167,-73.65,16.85,80,94,1.13,CL,2024-04-08
90,puerto ayora,-0.7393,-90.3518,29.98,93,38,2.68,EC,2024-04-08
91,esperanza,19.5847,-70.9849,28.32,79,75,2.24,DO,2024-04-08
92,at-bashi,41.1702,75.8106,8.58,30,100,1.36,KG,2024-04-08
93,belyy yar,53.6039,91.3903,1.94,69,8,1.0,RU,2024-04-08
94,simanggang,1.2472,111.4528,24.47,98,100,0.66,MY,2024-04-08
95,afaahiti,-17.75,-149.2833,24.93,85,100,4.71,PF,2024-04-08
96,aras-asan,8.8908,126.3033,25.47,84,100,1.19,PH,2024-04-08
97,la libertad,-2.2333,-80.9,27.81,74,0,2.06,EC,2024-04-08
98,naze,28.3667,129.4833,19.51,93,93,4.34,JP,2024-04-08
99,port augusta,-32.5,137.7667,15.83,74,21,9.22,AU,2024-04-08
100,alta,69.9689,23.2717,-2.41,74,75,4.63,NO,2024-04-08
101,arraial do cabo,-22.9661,-42.0278,27.92,69,0,7.72,BR,2024-04-08
102,hpa-an,16.8906,97.6333,28.43,70,34,0.39,MM,2024-04-08
103,barranca,-10.75,-77.7667,23.53,75,74,2.98,PE,2024-04-08
104,avarua,-21.2078,-159.775,27.03,83,40,3.6,CK,2024-04-08
105,remire-montjoly,4.9167,-52.2667,31.02,66,75,5.66,GF,2024-04-08
106,vorgashor,67.5833,63.95,-12.89,93,98,5.24,RU,2024-04-08
107,labrador city,52.9463,-66.9114,0.66,47,100,1.34,CA,2024-04-08
108,nagqu,31.5,92.0,2.51,18,100,5.56,CN,2024-04-08
109,navirai,-23.065,-54.1906,31.25,52,99,2.13,BR,2024-04-08
110,nova vicosa,-17.8919,-39.3719,28.88,63,80,3.69,BR,2024-04-08
111,qandala,11.472,49.8728,29.37,62,77,1.17,SO,2024-04-08
112,hailey,43.5196,-114.3153,1.0,63,0,4.63,US,2024-04-08
113,college,64.8569,-147.8028,-3.01,83,75,2.57,US,2024-04-08
114,salgueiro,-8.0742,-39.1192,31.72,46,65,5.36,BR,2024-04-08
115,vangaindrano,-23.35,47.6,23.43,91,100,3.91,MG,2024-04-08
116,milan,45.4643,9.1895,26.58,48,0,3.09,IT,2024-04-08
117,vallenar,-28.5708,-70.7581,22.19,54,0,1.61,CL,2024-04-08
118,nova sintra,14.8667,-24.7167,22.91,76,2,11.5,CV,2024-04-08
119,wafangdian,39.6183,122.0081,6.18,22,0,4.52,CN,2024-04-08
120,leer,53.2316,7.461,18.29,82,100,2.67,DE,2024-04-08
121,faya-largeau,17.9257,19.1043,36.51,6,72,5.74,TD,2024-04-08
122,bojano,41.4857,14.4729,25.56,48,100,2.08,IT,2024-04-08
123,hithadhoo,-0.6,73.0833,29.72,68,98,1.68,MV,2024-04-08
124,ceeldheer,3.8488,47.1806,29.82,68,100,6.25,SO,2024-04-08
125,pandan,14.0453,124.1694,25.61,90,85,2.96,PH,2024-04-08
126,cidreira,-30.1811,-50.2056,22.54,85,98,1.83,BR,2024-04-08
127,bullhead city,35.1478,-114.5683,17.14,32,40,11.83,US,2024-04-08
128,sitka,57.0531,-135.33,3.94,81,75,6.17,US,2024-04-08
129,mandalgovi,45.7625,106.2708,6.45,60,100,2.04,MN,2024-04-08
130,kaa-khem,51.6833,94.7333,10.23,79,94,1.71,RU,2024-04-08
131,atafu village,-8.5421,-172.5159,29.52,75,13,4.02,TK,2024-04-08
132,tromso,69.6496,18.957,3.01,75,75,4.12,NO,2024-04-08
133,ad dawadimi,24.5077,44.3924,21.64,61,100,5.54,SA,2024-04-08
134,isafjordur,66.0755,-23.124,0.02,64,75,8.75,IS,2024-04-08
135,mermoz boabab,14.7065,-17.4758,27.31,85,10,8.73,SN,2024-04-08
136,karratha,-20.7377,116.8463,29.94,29,98,8.61,AU,2024-04-08
137,manismata,-2.4667,111.0333,25.43,97,100,1.04,ID,2024-04-08
138,yondo,7.0062,-73.9097,31.08,67,88,1.23,CO,2024-04-08
139,viedma,-40.8135,-62.9967,20.64,58,100,6.31,AR,2024-04-08
140,aswan,24.0934,32.907,29.61,13,0,4.23,EG,2024-04-08
141,coquimbo,-29.9533,-71.3436,17.08,77,0,1.7,CL,2024-04-08
142,amarante do maranhao,-5.5667,-46.7422,29.04,74,78,0.99,BR,2024-04-08
143,al qaryatayn,34.2296,37.2407,20.18,27,100,3.34,SY,2024-04-08
144,brisas de zicatela,15.8369,-97.0419,28.29,74,0,1.54,MX,2024-04-08
145,utrik,11.2278,169.8474,26.62,83,88,10.2,MH,2024-04-08
146,anadyr,64.75,177.4833,-14.72,78,0,3.0,RU,2024-04-08
147,talakan,50.3167,130.3667,-3.32,48,16,3.19,RU,2024-04-08
148,lerwick,60.1545,-1.1494,10.0,73,89,11.61,GB,2024-04-08
149,talnakh,69.4865,88.3972,-7.66,92,100,5.42,RU,2024-04-08
150,san luis de la loma,17.2706,-100.8939,28.05,48,3,2.22,MX,2024-04-08
151,hawaiian paradise park,19.5933,-154.9731,20.57,92,100,0.45,US,2024-04-08
152,boende,-0.2167,20.8667,32.03,45,33,1.48,CD,2024-04-08
153,san fernando,15.0286,120.6898,26.31,71,55,1.06,PH,2024-04-08
154,whitehorse,60.7161,-135.0538,-3.28,95,100,3.0,CA,2024-04-08
155,fale old settlement,-9.3852,-171.2468,29.42,77,38,4.94,TK,2024-04-08
156,west island,-12.1568,96.8225,27.99,78,40,6.17,CC,2024-04-08
157,chulym,55.0997,80.9572,2.27,92,67,3.58,RU,2024-04-08
158,puerto baquerizo moreno,-0.9,-89.6,28.55,79,20,5.14,EC,2024-04-08
159,margaret river,-33.95,115.0667,15.23,62,0,5.72,AU,2024-04-08
160,revda,56.801,59.9303,0.6,81,72,3.44,RU,2024-04-08
161,klyuchi,52.2667,79.1667,12.96,55,100,1.57,RU,2024-04-08
162,hermanus,-34.4187,19.2345,16.56,95,100,9.42,ZA,2024-04-08
163,morant bay,17.8815,-76.4093,29.23,68,52,5.89,JM,2024-04-08
164,key west,24.5557,-81.7826,27.0,53,0,7.2,US,2024-04-08
165,al hasaheisa,14.7526,33.2984,35.08,5,68,6.26,SD,2024-04-08
166,djibo,14.1022,-1.6306,42.78,5,64,4.71,BF,2024-04-08
167,cabo san lucas,22.8909,-109.9124,21.53,58,40,2.57,MX,2024-04-08
168,paramonga,-10.6667,-77.8333,23.85,78,69,3.14,PE,2024-04-08
169,la ronge,55.1001,-105.2842,2.59,95,100,1.22,CA,2024-04-08
170,port douglas,-16.4833,145.4667,26.47,82,100,0.54,AU,2024-04-08
171,wenchang,30.904,118.4887,10.17,95,99,1.35,CN,2024-04-08
172,bryne,58.7354,5.6477,12.75,81,75,6.17,NO,2024-04-08
173,dunedin,-45.8742,170.5036,15.87,61,100,3.51,NZ,2024-04-08
174,kailua-kona,19.6406,-155.9956,22.98,80,0,1.54,US,2024-04-08
175,solnechnyy,50.7214,136.6319,-0.54,97,100,1.68,RU,2024-04-08
176,holualoa,19.6228,-155.9522,20.91,82,0,1.54,US,2024-04-08
177,embi,48.8264,58.1442,7.53,61,82,1.71,KZ,2024-04-08
178,manokwari,-0.8667,134.0833,25.71,84,98,5.13,ID,2024-04-08
179,hermiston,45.8404,-119.2895,8.98,74,0,4.12,US,2024-04-08
180,ajaigarh,24.9,80.2667,31.92,7,0,1.8,IN,2024-04-08
181,minas de marcona,-15.2119,-75.1103,21.85,63,97,3.65,PE,2024-04-08
182,saint-francois,46.4154,3.9054,24.8,34,0,6.17,FR,2024-04-08
183,port alfred,-33.5906,26.891,22.01,76,97,5.14,ZA,2024-04-08
184,ilulissat,69.2167,-51.1,-5.99,68,20,1.54,GL,2024-04-08
185,yugo-kamskiy,57.7053,55.5894,2.01,98,100,4.28,RU,2024-04-08
186,saldanha,-33.0117,17.9442,15.84,90,100,9.36,ZA,2024-04-08
187,santa elena de uairen,4.6167,-61.1333,28.98,39,58,2.61,VE,2024-04-08
188,labuan,5.2767,115.2417,28.4,79,19,2.23,MY,2024-04-08
189,akureyri,65.6835,-18.0878,-0.39,92,100,5.59,IS,2024-04-08
190,beckley,37.7782,-81.1882,16.25,68,100,3.09,US,2024-04-08
191,cadale,2.7603,46.3222,29.54,76,76,5.14,SO,2024-04-08
192,yanam,16.7333,82.2167,27.42,84,0,1.97,IN,2024-04-08
193,mohammedia,33.7066,-7.3944,22.23,61,25,3.93,MA,2024-04-08
194,iskateley,67.6803,53.1512,-13.32,92,14,2.68,RU,2024-04-08
195,mahenge,-8.6833,36.7167,19.08,97,100,0.86,TZ,2024-04-08
196,dana point,33.467,-117.6981,13.07,79,0,1.34,US,2024-04-08
197,egilsstadir,65.2653,-14.3948,-0.05,100,100,9.26,IS,2024-04-08
198,andorra,42.5,1.5,21.56,40,20,5.14,AD,2024-04-08
199,pohang,36.0322,129.365,14.72,74,100,4.62,KR,2024-04-08
200,dudinka,69.4058,86.1778,-7.4,96,100,5.81,RU,2024-04-08
201,shantobe,52.4581,68.1839,3.16,98,100,2.99,KZ,2024-04-08
202,laguna,38.421,-121.4238,10.51,68,0,5.14,US,2024-04-08
203,barah,13.7,30.3667,35.2,6,24,6.46,SD,2024-04-08
204,touros,-5.1989,-35.4608,30.05,70,100,5.75,BR,2024-04-08
205,lensk,60.7253,114.9278,-0.95,99,100,1.16,RU,2024-04-08
206,shakawe,-18.3667,21.85,26.9,52,100,2.12,BW,2024-04-08
207,palikir - national government center,6.9248,158.1611,26.41,89,100,2.06,FM,2024-04-08
208,tsiombe,-25.3,45.4833,21.9,66,100,5.87,MG,2024-04-08
209,petropavlovsk-kamchatsky,53.0452,158.6483,2.65,82,92,0.89,RU,2024-04-08
210,bandar abbas,27.1865,56.2808,26.99,65,75,4.12,IR,2024-04-08
211,mabaruma,8.2,-59.7833,33.68,41,41,3.48,GY,2024-04-08
212,gamboula,4.1178,15.1393,26.66,62,100,1.44,CF,2024-04-08
213,san martin,-33.081,-68.4681,23.3,39,5,4.05,AR,2024-04-08
214,sokoni,-6.4333,39.55,25.48,91,100,8.74,TZ,2024-04-08
215,teknaf,20.8624,92.3058,27.52,53,0,4.38,BD,2024-04-08
216,el oro de hidalgo,19.8,-100.1333,17.37,23,0,2.0,MX,2024-04-08
217,shitanjing,39.2342,106.3439,11.64,20,15,1.86,CN,2024-04-08
218,port moresby,-9.4431,147.1797,25.76,86,100,1.47,PG,2024-04-08
219,acarau,-2.8856,-40.12,28.19,79,62,2.05,BR,2024-04-08
220,bagalkot,16.1833,75.7,36.27,18,0,1.91,IN,2024-04-08
221,morehead city,34.7229,-76.726,20.0,62,0,2.06,US,2024-04-08
222,brigantine,39.4101,-74.3646,16.78,69,0,4.92,US,2024-04-08
223,aranyaprathet,13.6928,102.5013,29.27,67,6,4.08,TH,2024-04-08
224,tofol,5.3248,163.0078,27.4,79,100,8.31,FM,2024-04-08
225,salaga,8.5508,-0.5188,39.67,28,94,1.92,GH,2024-04-08
226,puerto lempira,15.2667,-83.7667,29.3,68,100,4.75,HN,2024-04-08
227,suntar,62.1444,117.6319,-4.13,95,100,3.72,RU,2024-04-08
228,bonito,-21.1211,-56.4819,28.94,72,63,2.54,BR,2024-04-08
229,nar'yan-mar,67.6713,53.087,-13.27,92,13,2.68,RU,2024-04-08
230,smithers,54.7804,-127.1743,0.81,88,84,1.35,CA,2024-04-08
231,sao jose da coroa grande,-8.8978,-35.1478,30.14,65,59,3.52,BR,2024-04-08
232,pelabuhanratu,-6.9875,106.5514,27.2,87,100,0.29,ID,2024-04-08
233,nemuro,43.3236,145.575,5.01,100,100,6.08,JP,2024-04-08
234,dryden,49.7833,-92.7503,4.16,56,100,4.12,CA,2024-04-08
235,aykhal,66.0,111.5,-14.75,85,15,5.14,RU,2024-04-08
236,enriquillo,17.9,-71.2333,31.82,60,12,4.93,DO,2024-04-08
237,qaqortoq,60.7167,-46.0333,-1.67,89,100,1.93,GL,2024-04-08
238,kathu,7.9178,98.3332,28.9,77,97,2.22,TH,2024-04-08
239,mount gambier,-37.8333,140.7667,10.24,69,59,3.48,AU,2024-04-08
240,nsanje,-16.92,35.262,28.47,68,95,2.7,MW,2024-04-08
241,kenai,60.5544,-151.2583,-3.81,94,20,0.0,US,2024-04-08
242,singarayakonda,15.25,80.0333,28.03,80,0,6.33,IN,2024-04-08
243,fortuna,40.5982,-124.1573,9.99,90,0,3.09,US,2024-04-08
244,port lincoln,-34.7333,135.8667,14.75,62,100,7.59,AU,2024-04-08
245,peterhead,57.5058,-1.7981,13.58,73,100,8.62,GB,2024-04-08
246,at taj,24.2049,23.2857,27.68,12,0,7.23,LY,2024-04-08
247,yuzhno-kurilsk,44.0306,145.8556,6.32,97,100,3.84,RU,2024-04-08
248,kashgar,39.4547,75.9797,16.18,25,75,3.05,CN,2024-04-08
249,tazovsky,67.4667,78.7,-11.08,94,69,4.55,RU,2024-04-08
250,snagov,44.7,26.1833,23.71,33,0,3.6,RO,2024-04-08
251,iwanai,42.9744,140.5089,6.97,88,100,2.58,JP,2024-04-08
252,isangel,-19.55,169.2667,24.47,90,100,3.08,VU,2024-04-08
253,chamical,-30.36,-66.314,19.98,72,98,4.64,AR,2024-04-08
254,brookings,44.3114,-96.7984,3.54,97,100,5.14,US,2024-04-08
255,buenos aires,-34.6132,-58.3772,23.32,85,100,10.28,AR,2024-04-08
256,lazaro cardenas,17.9583,-102.2,26.11,58,0,1.18,MX,2024-04-08
257,tocopilla,-22.092,-70.1979,22.6,70,6,5.05,CL,2024-04-08
258,kirakira,-10.4544,161.9205,26.75,85,99,2.89,SB,2024-04-08
259,howrah,22.5892,88.3103,27.0,57,40,0.0,IN,2024-04-08
260,rimouski,48.4488,-68.524,4.47,82,43,5.78,CA,2024-04-08
261,minot,48.2325,-101.2963,6.12,70,75,5.66,US,2024-04-08
262,codrington,-38.2667,141.9667,12.78,58,36,7.86,AU,2024-04-08
263,liwale,-9.7667,37.9333,23.3,95,99,1.85,TZ,2024-04-08
264,noyabrsk,63.1994,75.4507,-2.09,95,100,4.02,RU,2024-04-08
265,el nido,11.1858,119.3956,26.46,77,97,2.59,PH,2024-04-08
266,rongelap,11.1635,166.8941,27.04,80,74,9.39,MH,2024-04-08
267,sevsk,52.1491,34.4926,17.59,56,100,3.09,RU,2024-04-08
268,yeppoon,-23.1333,150.7333,20.88,85,24,2.43,AU,2024-04-08
269,queenstown,-31.8976,26.8753,16.03,88,100,1.0,ZA,2024-04-08
270,raton,36.9034,-104.4391,3.34,38,0,0.0,US,2024-04-08
271,prince george,53.9166,-122.753,2.36,94,100,6.17,CA,2024-04-08
272,santo antonio,-6.3106,-35.4789,31.7,61,69,5.66,BR,2024-04-08
273,atherton,53.5237,-2.4935,14.3,80,100,1.34,GB,2024-04-08
274,turi,40.9173,17.0212,23.58,46,20,2.81,IT,2024-04-08
275,rawson,-43.3002,-65.1023,19.27,62,100,2.31,AR,2024-04-08
276,piti village,13.4626,144.6933,27.16,83,51,7.33,GU,2024-04-08
277,puerto escondido,15.85,-97.0667,28.46,74,0,1.54,MX,2024-04-08
278,amga,60.8953,131.9608,-16.12,100,86,0.88,RU,2024-04-08
279,guamal,9.1433,-74.2238,34.71,52,92,1.9,CO,2024-04-08
280,marsh harbour,26.5412,-77.0636,21.06,55,74,6.49,BS,2024-04-08
281,warrenton,-28.114,24.8475,21.55,39,42,8.55,ZA,2024-04-08
282,sisimiut,66.9395,-53.6735,-4.73,76,72,3.14,GL,2024-04-08
283,tughyl,47.7252,84.2063,8.83,58,99,3.88,KZ,2024-04-08
284,flying fish cove,-10.4217,105.6791,26.82,89,100,3.6,CX,2024-04-08
285,veraval,20.9,70.3667,26.41,77,0,6.12,IN,2024-04-08
286,farsan,32.2569,50.561,14.85,39,2,1.95,IR,2024-04-08
287,pisco,-13.7,-76.2167,24.03,78,48,3.6,PE,2024-04-08
288,polican,40.6122,20.0981,21.41,50,0,4.3,AL,2024-04-08
289,richards bay,-28.783,32.0377,24.09,71,73,5.92,ZA,2024-04-08
290,okhotsk,59.3833,143.3,-1.46,97,100,2.54,RU,2024-04-08
291,katsuren-haebaru,26.3369,127.8719,22.43,95,100,4.12,JP,2024-04-08
292,carnarvon,-24.8667,113.6333,27.45,35,4,4.49,AU,2024-04-08
293,knysna,-34.0363,23.0471,18.54,92,95,1.5,ZA,2024-04-08
294,pierre,44.3683,-100.351,2.7,90,100,6.17,US,2024-04-08
295,upington,-28.4478,21.2561,19.21,39,75,8.23,ZA,2024-04-08
296,skeldon,5.8833,-57.1333,32.33,49,47,4.09,GY,2024-04-08
297,polyarnyy,69.1989,33.4478,-3.47,91,100,8.06,RU,2024-04-08
298,vila real de santo antonio,37.195,-7.4177,21.3,49,43,8.88,PT,2024-04-08
299,dymer,50.7865,30.3026,23.27,54,100,3.06,UA,2024-04-08
300,kamen'-na-obi,53.7884,81.3423,7.44,77,62,3.1,RU,2024-04-08
301,pemba,-12.974,40.5178,30.39,74,75,4.63,MZ,2024-04-08
302,broome,42.2506,-75.833,13.99,52,0,2.24,US,2024-04-08
303,lihue,21.9789,-159.3672,21.77,83,20,8.75,US,2024-04-08
304,ingeniero jacobacci,-41.3427,-69.5448,15.7,53,100,11.54,AR,2024-04-08
305,gilgit,35.9221,74.3087,7.19,42,0,1.36,PK,2024-04-08
306,lata,40.1629,-8.3327,14.49,67,83,6.3,PT,2024-04-08
307,sinabang,2.4803,96.3801,27.57,84,100,1.65,ID,2024-04-08
308,slave lake,55.2834,-114.769,5.01,62,62,1.19,CA,2024-04-08
309,luderitz,-26.6481,15.1594,17.66,83,50,3.4,,2024-04-08
310,mountain home,43.133,-115.6912,2.71,85,0,3.58,US,2024-04-08
311,taradale,-39.5333,176.85,10.01,89,2,1.13,NZ,2024-04-08
312,colares,38.7992,-9.4469,18.52,69,40,10.28,PT,2024-04-08
313,kutum,14.2,24.6667,32.43,8,100,5.67,SD,2024-04-08
314,palapag,12.5458,125.1147,24.83,93,33,1.87,PH,2024-04-08
315,susuman,62.7833,148.1667,-10.01,91,100,1.34,RU,2024-04-08
316,polewali,-3.4324,119.3435,26.34,89,100,1.18,ID,2024-04-08
317,chengyang,27.0892,119.6453,18.29,98,100,0.27,CN,2024-04-08
318,salinopolis,-0.6136,-47.3561,27.54,86,62,3.76,BR,2024-04-08
319,sidi qacem,34.2215,-5.7078,22.75,39,76,5.35,MA,2024-04-08
320,podborany,50.2294,13.4119,28.98,34,79,2.41,CZ,2024-04-08
321,baker city,44.7749,-117.8344,1.99,75,0,0.0,US,2024-04-08
322,noormarkku,61.5927,21.8685,9.88,66,75,3.6,FI,2024-04-08
323,katsuura,35.1333,140.3,17.83,98,99,3.71,JP,2024-04-08
324,northam,51.0333,-4.2167,13.14,89,100,8.87,GB,2024-04-08
325,kalkaman,51.9525,76.0211,12.34,69,100,6.24,KZ,2024-04-08
326,meiganga,6.5167,14.3,31.15,32,100,3.72,CM,2024-04-08
327,babayevo,59.3936,35.9371,12.41,63,88,4.77,RU,2024-04-08
328,mahibadhoo,3.7833,72.9667,29.31,69,88,1.28,MV,2024-04-08
329,gadzhiyevo,69.2551,33.3362,-3.3,92,100,8.02,RU,2024-04-08
330,volokonovka,50.4827,37.8563,19.67,46,94,3.32,RU,2024-04-08
331,ouesso,1.6136,16.0517,29.75,57,100,2.17,CG,2024-04-08
332,lehavim,31.3728,34.8162,19.13,51,96,6.03,IL,2024-04-08
333,melfort,52.8667,-104.6177,6.07,65,76,2.06,CA,2024-04-08
334,bikenibeu village,1.3673,173.1241,27.96,83,96,8.37,KI,2024-04-08
335,san antonio de pale,-1.4014,5.6325,27.67,76,100,3.54,GQ,2024-04-08
336,shiguai,40.7058,110.2856,10.04,62,48,2.44,CN,2024-04-08
337,sosnovo-ozerskoye,52.5249,111.5418,2.87,63,99,3.15,RU,2024-04-08
338,puerto madryn,-42.7692,-65.0385,22.4,44,100,4.0,AR,2024-04-08
339,bandarbeyla,9.4942,50.8122,28.29,68,97,3.91,SO,2024-04-08
340,fernie,49.5,-115.0687,5.05,93,100,2.22,CA,2024-04-08
341,enewetak,11.3474,162.3373,27.4,79,100,9.41,MH,2024-04-08
342,qax,41.4225,46.9242,10.55,97,100,1.43,AZ,2024-04-08
343,vorkuta,67.5,64.0,-12.72,93,100,4.92,RU,2024-04-08
344,preobrazheniye,42.9019,133.9064,2.14,52,89,3.61,RU,2024-04-08
345,saudarkrokur,65.7461,-19.6394,-0.74,88,74,8.18,IS,2024-04-08
346,balabac,7.9868,117.0645,27.99,75,98,4.5,PH,2024-04-08
347,caminauit,12.3314,121.0825,26.79,67,20,2.07,PH,2024-04-08
348,malkapur,20.8833,76.2,34.44,17,1,2.79,IN,2024-04-08
349,ola,59.5833,151.2833,-2.7,87,100,7.5,RU,2024-04-08
350,quellon,-43.1167,-73.6167,9.49,82,100,5.93,CL,2024-04-08
351,kapuskasing,49.4169,-82.4331,11.05,43,75,1.03,CA,2024-04-08
352,iquique,-20.2208,-70.1431,21.82,74,100,2.88,CL,2024-04-08
353,alofi,-19.0595,-169.9187,24.94,94,75,5.66,NU,2024-04-08
354,lozuvatka,48.0571,33.2858,22.06,30,22,0.7,UA,2024-04-08
355,tadine,-21.55,167.8833,23.74,89,74,3.77,NC,2024-04-08
356,namibe,-15.1961,12.1522,24.3,72,100,3.72,AO,2024-04-08
357,columbia falls,48.3725,-114.1815,3.96,85,0,0.0,US,2024-04-08
358,san buenaventura,27.0833,-101.5333,22.81,49,75,0.0,MX,2024-04-08
359,ribeira brava,32.65,-17.0667,21.35,65,0,2.24,PT,2024-04-08
360,weno,7.4515,151.8468,27.97,89,100,3.09,FM,2024-04-08
361,mata-utu,-13.2816,-176.1745,29.28,78,97,5.25,WF,2024-04-08
362,kolda,12.8833,-14.95,42.97,11,3,2.88,SN,2024-04-08
363,svedala,55.5079,13.2352,18.12,59,0,1.03,SE,2024-04-08
364,chonchi,-42.6128,-73.8092,10.62,84,80,2.87,CL,2024-04-08
365,carutapera,-1.195,-46.02,27.63,88,47,2.9,BR,2024-04-08
366,vilhena,-12.7406,-60.1458,27.79,68,76,1.84,BR,2024-04-08
367,heber city,40.5069,-111.4132,2.32,71,0,0.0,US,2024-04-08
368,wainwright,52.839,-110.8572,5.58,58,95,1.22,CA,2024-04-08
369,kavieng,-2.5744,150.7967,26.17,87,100,3.36,PG,2024-04-08
370,mahina,-17.5065,-149.489,25.87,83,20,1.54,PF,2024-04-08
371,nahiyat ash shinafiyah,31.5874,44.6602,33.11,18,0,1.96,IQ,2024-04-08
372,fort bragg,35.139,-79.006,20.46,50,0,4.12,US,2024-04-08
373,uturoa,-16.7333,-151.4333,28.79,78,100,4.21,PF,2024-04-08
374,novobod,39.0108,70.1508,9.74,45,66,2.87,TJ,2024-04-08
375,lindsay,36.203,-119.0882,9.32,84,0,1.54,US,2024-04-08
376,doschatoye,55.3825,42.1072,14.62,65,100,4.91,RU,2024-04-08
377,khandyga,62.6667,135.6,-12.23,98,100,1.52,RU,2024-04-08
378,meulaboh,4.1363,96.1285,25.47,90,100,1.71,ID,2024-04-08
379,al ghayzah,16.2079,52.176,27.51,68,4,5.56,YE,2024-04-08
380,aral,40.5156,81.2636,16.65,57,0,2.37,CN,2024-04-08
381,glace bay,46.1969,-59.957,6.82,77,68,4.92,CA,2024-04-08
382,goundam,16.4145,-3.6708,42.8,7,12,4.09,ML,2024-04-08
383,cururupu,-1.8283,-44.8683,29.32,76,79,1.62,BR,2024-04-08
384,palmer,42.1584,-72.3287,15.73,44,40,0.89,US,2024-04-08
385,brezina,33.0989,1.2608,31.83,7,68,6.97,DZ,2024-04-08
386,kodinsk,58.6881,99.1844,-8.09,96,21,0.94,RU,2024-04-08
387,gusinoozyorsk,51.2833,106.5,2.62,82,100,2.88,RU,2024-04-08
388,hilo,19.7297,-155.09,20.69,93,100,1.34,US,2024-04-08
389,comstock northwest,42.3218,-85.5176,15.92,59,0,4.12,US,2024-04-08
390,hadibu,12.65,54.0333,28.25,73,49,3.83,YE,2024-04-08
391,portland,45.5234,-122.6762,8.36,89,100,2.24,US,2024-04-08
392,lusambo,-4.9667,23.45,23.95,84,100,0.55,CD,2024-04-08
393,amontada,-3.3617,-39.8317,28.83,84,93,2.23,BR,2024-04-08
394,eenhana,-17.4667,16.3333,30.82,35,100,4.6,,2024-04-08
395,temiskaming shores,47.4938,-79.7153,7.19,71,100,1.35,CA,2024-04-08
396,azul,-36.777,-59.8585,22.16,55,18,5.49,AR,2024-04-08
397,karlskrona,56.1616,15.5866,16.25,90,97,1.76,SE,2024-04-08
398,laminusa,5.5549,120.9136,28.25,78,11,0.86,PH,2024-04-08
399,phelan,34.4261,-117.5723,7.06,51,0,1.79,US,2024-04-08
400,hasaki,35.7333,140.8333,19.05,99,100,2.95,JP,2024-04-08
401,colonia,50.9333,6.95,24.42,48,0,4.63,DE,2024-04-08
402,ratnagiri,16.9833,73.3,26.61,83,50,3.79,IN,2024-04-08
403,shingu,33.7333,135.9833,16.65,99,100,0.63,JP,2024-04-08
404,tura,25.5198,90.2201,24.6,32,99,1.41,IN,2024-04-08
405,mount isa,-20.7333,139.5,21.87,40,0,4.63,AU,2024-04-08
406,brasileia,-11.0161,-68.7481,30.64,61,97,1.65,BR,2024-04-08
407,north ward,-19.2454,146.8075,25.95,89,40,0.0,AU,2024-04-08
408,kapa'a,22.0752,-159.319,22.18,86,20,8.75,US,2024-04-08
409,udachny,66.4167,112.4,-12.53,81,20,3.33,RU,2024-04-08
410,sovetsk,55.0839,21.8785,16.92,74,100,4.61,RU,2024-04-08
411,xinyuan,37.3,99.0,-0.65,56,68,1.69,CN,2024-04-08
412,kourou,5.1552,-52.6478,31.03,62,73,3.81,GF,2024-04-08
413,port macquarie,-31.4333,152.9167,17.16,91,80,2.12,AU,2024-04-08
414,berdigestyakh,62.0989,126.6992,-9.17,97,100,1.09,RU,2024-04-08
415,magdagachi,53.45,125.8,-9.1,92,5,1.36,RU,2024-04-08
416,patacamaya,-17.2333,-67.9167,13.88,56,73,3.81,BO,2024-04-08
417,vega de alatorre,20.0333,-96.6333,27.18,70,15,3.05,MX,2024-04-08
418,onguday,50.75,86.15,7.58,69,100,1.96,RU,2024-04-08
419,yatou,37.15,122.3833,9.71,41,0,6.18,CN,2024-04-08
420,penrith,54.6658,-2.7576,13.89,78,90,4.57,GB,2024-04-08
421,kafarati,10.383,11.0957,39.21,16,45,3.99,NG,2024-04-08
422,lagos,6.5833,3.75,32.68,59,96,4.22,NG,2024-04-08
423,schkeuditz,51.4,12.2167,29.32,36,0,3.6,DE,2024-04-08
424,keflavik,64.0049,-22.5624,5.95,60,0,11.83,IS,2024-04-08
425,zambezi,-13.5432,23.1047,22.81,84,91,1.44,ZM,2024-04-08
426,la passe,45.5549,-0.8967,20.13,84,28,8.25,FR,2024-04-08
427,ketchikan,55.3422,-131.6461,6.3,81,100,4.12,US,2024-04-08
428,kristiansund,63.1115,7.732,14.03,58,0,4.63,NO,2024-04-08
429,kokshetau,53.2775,69.3883,7.18,87,100,5.0,KZ,2024-04-08
430,nguigmi,14.2495,13.1092,36.28,11,100,4.16,NE,2024-04-08
431,soio,-6.1349,12.3689,26.79,83,99,3.9,AO,2024-04-08
432,massaguet,12.4755,15.4365,41.02,9,52,5.74,TD,2024-04-08
433,st. john's,47.5649,-52.7093,0.54,94,100,8.94,CA,2024-04-08
434,kone,-21.0595,164.8658,22.15,94,0,1.88,NC,2024-04-08
435,champerico,14.3,-91.9167,31.3,64,20,3.32,GT,2024-04-08
436,viljandi,58.3639,25.59,13.79,50,100,2.58,EE,2024-04-08
437,pangody,65.85,74.4859,-9.7,94,86,3.96,RU,2024-04-08
438,tete,-16.1564,33.5867,34.05,43,40,4.12,MZ,2024-04-08
439,quatre cocos,-20.2078,57.7625,27.06,82,60,1.17,MU,2024-04-08
440,trevelin,-43.0858,-71.4639,11.71,67,33,4.55,AR,2024-04-08
441,san juan de miraflores,-12.1629,-76.9635,22.29,80,63,2.42,PE,2024-04-08
442,le lorrain,14.8329,-61.0567,30.97,59,66,3.99,MQ,2024-04-08
443,lochbuie,40.0072,-104.7161,9.02,36,20,3.58,US,2024-04-08
444,rosa zarate,0.3333,-79.4667,26.6,79,86,2.63,EC,2024-04-08
445,ilhabela,-23.7781,-45.3581,27.3,73,63,2.44,BR,2024-04-08
446,lagunas,-5.2269,-75.6753,29.59,68,76,1.4,PE,2024-04-08
447,tangalle,6.024,80.7911,27.17,81,100,3.23,LK,2024-04-08
448,aquidauana,-20.4711,-55.7872,34.5,43,94,3.35,BR,2024-04-08
449,kanchipuram,12.8333,79.7167,27.25,73,29,5.5,IN,2024-04-08
450,chul'man,56.8479,124.9104,-18.18,100,63,0.89,RU,2024-04-08
451,vila franca do campo,37.7167,-25.4333,18.27,99,98,3.77,PT,2024-04-08
452,praya,14.9215,-23.5087,26.3,53,40,12.86,CV,2024-04-08
453,hoi an,15.8794,108.335,27.98,93,4,0.83,VN,2024-04-08
454,necochea,-38.5473,-58.7368,24.89,42,93,8.16,AR,2024-04-08
455,lompoc,34.6391,-120.4579,11.55,59,0,4.63,US,2024-04-08
456,selfoss,63.9331,-20.9971,4.47,44,89,10.41,IS,2024-04-08
457,pagar alam,-4.0167,103.2667,21.87,99,100,1.08,ID,2024-04-08
458,flin flon,54.7682,-101.865,5.58,74,82,3.09,CA,2024-04-08
459,nykarleby,63.5228,22.5307,5.08,100,100,3.86,FI,2024-04-08
460,yokadouma,3.5167,15.05,31.28,47,100,1.65,CM,2024-04-08
461,zalesovo,53.9939,84.7431,3.71,94,100,1.56,RU,2024-04-08
462,yulinshi,38.2906,109.7494,14.44,62,100,2.19,CN,2024-04-08
463,tutoia,-2.7619,-42.2744,28.57,78,100,2.6,BR,2024-04-08
464,borba,-4.3878,-59.5939,30.14,71,82,1.65,BR,2024-04-08
465,new norfolk,-42.7826,147.0587,8.84,70,68,1.88,AU,2024-04-08
466,alice springs,-23.7,133.8833,21.79,30,93,2.68,AU,2024-04-08
467,opuwo,-18.0607,13.84,30.24,31,70,5.67,,2024-04-08
468,tommot,58.9564,126.2925,-15.75,97,32,1.29,RU,2024-04-08
469,old town,50.087,14.4202,29.15,40,0,3.13,CZ,2024-04-08
470,westport,41.1415,-73.3579,16.37,39,88,0.89,US,2024-04-08
471,melgar,4.2048,-74.6407,30.6,56,52,1.82,CO,2024-04-08
472,svalyava,48.5485,22.9958,20.01,55,99,1.69,UA,2024-04-08
473,nasiriyah,31.0521,46.261,33.62,25,27,3.23,IQ,2024-04-08
474,paros,37.0833,25.15,18.94,61,20,13.38,GR,2024-04-08
475,malango,-2.9627,119.9001,20.73,100,100,0.71,ID,2024-04-08
476,ca mau,9.1769,105.15,27.4,74,3,1.2,VN,2024-04-08
477,tsaratanana,-16.7833,47.65,26.73,63,13,2.73,MG,2024-04-08
478,taoudenni,22.6783,-3.9836,40.21,7,33,3.07,ML,2024-04-08
479,igarka,67.4667,86.5833,-5.55,83,100,7.15,RU,2024-04-08
480,seven pagodas,12.6264,80.1722,30.05,76,0,4.75,IN,2024-04-08
481,wangqing,43.3218,129.7634,-2.46,31,0,2.3,CN,2024-04-08
482,puerto armuelles,8.2833,-82.8667,30.99,71,98,1.34,PA,2024-04-08
483,ust-tsilma,65.441,52.1498,-4.66,90,98,1.34,RU,2024-04-08
484,shymkent,42.3,69.6,16.33,63,0,2.0,KZ,2024-04-08
485,kwang binh,17.4833,106.6,25.43,89,94,0.86,VN,2024-04-08
486,gornozavodsk,58.3758,58.3211,0.34,98,93,3.85,RU,2024-04-08
487,mugia,43.1041,-9.2179,13.84,67,7,10.43,ES,2024-04-08
488,walvis bay,-22.9575,14.5053,23.53,53,0,9.77,,2024-04-08
489,altai,46.3722,96.2583,2.41,62,65,1.38,MN,2024-04-08
490,haiku-pauwela,20.9219,-156.3051,21.69,79,0,6.17,US,2024-04-08
491,drochia,48.035,27.8161,21.49,36,33,4.52,MD,2024-04-08
492,veinticinco de mayo,-35.4323,-60.1727,25.55,59,4,4.02,AR,2024-04-08
493,kavaratti,10.5669,72.642,29.6,67,26,3.63,IN,2024-04-08
494,rabaul,-4.1967,152.1721,25.0,92,100,2.66,PG,2024-04-08
495,bac lieu,9.285,105.7244,28.99,71,59,4.65,VN,2024-04-08
496,lankaran,38.7543,48.8506,13.04,82,100,1.54,AZ,2024-04-08
497,luwuk,-0.9516,122.7875,23.92,90,99,1.43,ID,2024-04-08
498,kargil,34.5667,76.1,-7.76,79,0,1.95,IN,2024-04-08
499,can,40.0333,27.0524,14.23,61,0,6.38,TR,2024-04-08
500,kiruna,67.8557,20.2251,1.51,75,40,2.57,SE,2024-04-08
501,al kharijah,25.4514,30.5464,29.37,11,0,5.87,EG,2024-04-08
502,vredendal,-31.6683,18.5012,19.17,60,65,7.65,ZA,2024-04-08
503,al muwayh,22.4333,41.7583,29.71,31,98,8.12,SA,2024-04-08
504,rio grande,-32.035,-52.0986,24.06,76,42,4.14,BR,2024-04-08
505,pokhara,28.2333,83.9833,19.68,19,12,3.55,NP,2024-04-08
506,balnearia,-31.0088,-62.6673,21.7,67,20,4.87,AR,2024-04-08
507,nishinoomote,30.7333,131.0,19.25,98,100,5.06,JP,2024-04-08
508,andkhoy,36.9529,65.1238,25.13,20,96,4.71,AF,2024-04-08
509,seaside,36.6111,-121.8516,11.06,85,0,0.0,US,2024-04-08
510,sarykemer,43.0,71.5,16.71,46,66,2.22,KZ,2024-04-08
511,alaghsas,17.0187,8.0168,39.63,7,94,3.95,NE,2024-04-08
512,korla,41.7597,86.1469,16.11,27,3,1.84,CN,2024-04-08
513,vilyuysk,63.7553,121.6247,-6.67,96,100,2.68,RU,2024-04-08
514,dykan'ka,49.825,34.5279,19.59,45,77,2.46,UA,2024-04-08
515,daru,-9.0763,143.2092,27.7,83,99,2.39,PG,2024-04-08
516,yen vinh,18.6667,105.6667,23.38,95,100,3.31,VN,2024-04-08
517,saint-pierre,-21.3393,55.4781,25.82,78,50,3.6,RE,2024-04-08
518,misratah,32.3754,15.0925,22.37,44,0,6.07,LY,2024-04-08
519,orangeville,43.9168,-80.0997,9.47,70,100,2.21,CA,2024-04-08
520,wanganui,-39.9333,175.05,12.46,89,70,1.76,NZ,2024-04-08
521,martapura,-3.4167,114.85,25.48,95,100,0.86,ID,2024-04-08
522,prado,-17.3411,-39.2208,29.22,54,91,3.01,BR,2024-04-08
523,zhaozhou,45.6833,125.3167,-1.04,25,0,2.98,CN,2024-04-08
524,turgen,43.4006,77.5933,14.07,49,94,2.61,KZ,2024-04-08
525,sao felix do xingu,-6.6447,-51.995,27.68,83,100,1.16,BR,2024-04-08
526,itoman,26.1247,127.6694,22.43,94,100,5.14,JP,2024-04-08
527,ardestan,33.3761,52.3694,23.96,24,11,3.36,IR,2024-04-08
528,tomohon,1.3346,124.8392,21.52,99,79,0.67,ID,2024-04-08
529,kolonia,50.9333,6.95,24.97,48,0,4.63,DE,2024-04-08
530,kilindoni,-7.9139,39.6668,25.66,86,100,5.21,TZ,2024-04-08
531,kerikeri,-35.2268,173.9474,15.51,93,39,1.82,NZ,2024-04-08
532,kimbe,-5.5502,150.1429,24.86,95,100,0.22,PG,2024-04-08
533,tuni,17.35,82.55,26.88,86,0,3.78,IN,2024-04-08
534,cockburn town,21.4612,-71.1419,24.31,68,13,6.95,TC,2024-04-08
535,nanao,37.05,136.9667,13.48,99,100,2.15,JP,2024-04-08
536,aqadyr,48.2553,72.8483,7.39,87,48,5.12,KZ,2024-04-08
537,fort mcmurray,56.7268,-111.381,6.79,54,60,1.56,CA,2024-04-08
538,rikaze,29.25,88.8833,7.43,17,73,6.14,CN,2024-04-08
539,krasnoshchekovo,51.6708,82.7289,11.5,62,69,3.28,RU,2024-04-08
540,belmonte,-15.8631,-38.8828,29.3,61,79,4.18,BR,2024-04-08
541,sechura,-5.5569,-80.8222,26.23,62,45,3.75,PE,2024-04-08
542,natal,-5.795,-35.2094,31.12,66,75,5.14,BR,2024-04-08
543,zemio,5.0314,25.1361,32.25,37,72,3.23,CF,2024-04-08
544,markha,62.1053,129.7269,-5.02,54,0,1.0,RU,2024-04-08
545,alexandria,31.2156,29.9553,18.81,63,0,8.07,EG,2024-04-08
546,"laikit, laikit ii (dimembe)",1.4792,124.9735,24.47,94,40,0.51,ID,2024-04-08
547,wurtulla,-26.7568,153.1256,22.82,98,34,1.37,AU,2024-04-08
548,goz beida,13.95,20.55,40.46,7,42,2.84,TD,2024-04-08
549,beau vallon,-20.4189,57.6953,27.13,83,40,0.0,MU,2024-04-08
550,nadi,-17.8,177.4167,25.0,83,75,1.03,FJ,2024-04-08
551,santa elena,-2.2333,-80.85,27.75,74,0,2.06,EC,2024-04-08
552,villa gesell,-37.2639,-56.973,25.03,62,42,5.71,AR,2024-04-08
553,yarmouth,41.7057,-70.2286,16.09,52,0,3.09,US,2024-04-08
554,amlapura,-8.45,115.6167,24.78,88,93,0.69,ID,2024-04-08
555,n'zeto,-7.2312,12.8666,28.36,76,94,3.26,AO,2024-04-08
556,bodo,67.28,14.405,6.02,92,75,5.14,NO,2024-04-08
557,clarence town,-32.5833,151.7833,18.3,89,1,1.43,AU,2024-04-08
558,batang,-6.4846,110.7083,27.66,84,100,1.37,ID,2024-04-08
559,majene,-3.5403,118.9707,25.8,87,100,2.03,ID,2024-04-08
560,tulle,45.3333,1.8333,19.08,61,95,3.05,FR,2024-04-08
561,dulce grande,23.0,-102.1667,19.57,21,41,5.95,MX,2024-04-08
562,nambour,-26.6333,152.95,22.71,97,31,0.8,AU,2024-04-08
563,mwatate,-3.5029,38.3795,24.78,80,100,3.36,KE,2024-04-08
564,north bend,43.4065,-124.2243,6.15,100,40,3.09,US,2024-04-08
565,sergeyevka,53.88,67.4158,6.43,87,100,2.48,KZ,2024-04-08
566,tanumah,27.1,44.1333,32.14,14,9,5.92,SA,2024-04-08
567,al jawf,29.5,38.75,24.99,15,0,0.35,SA,2024-04-08
568,freetown,8.484,-13.2299,30.84,58,20,6.17,SL,2024-04-08
569,loreto,22.2667,-101.9667,19.52,24,13,5.65,MX,2024-04-08
570,nuuk,64.1835,-51.7216,-1.66,64,20,2.57,GL,2024-04-08
571,yershov,51.3513,48.2766,15.18,60,100,3.22,RU,2024-04-08
572,anapa,44.8908,37.3239,21.19,26,0,8.0,RU,2024-04-08
573,mincivan,39.0294,46.7185,8.61,87,99,0.68,AZ,2024-04-08
